"ScanNumber, ScanName, ScanPointNumber, corr_Xcoord in mm per BX, corr_Ycoord in mm per BX"
Scan_1
1,X1,1,"{'281': -0.00082380979677167154, '1783': -0.00080371022637305931, '872': -0.00079469279899703005, '2063': -0.00087601599044502077, '41': -0.0008126825139023095}","{'281': 0.0, '1783': 0.0, '872': 0.0, '2063': 0.0, '41': 0.0}"
1,X1,2,"{'281': -0.00089922474732257774, '1783': -0.00087726574849884375, '872': -0.00086728719955045234, '2063': -0.00095606169389980569, '41': -0.00088631102661861766}","{'281': 0.0, '1783': 0.0, '872': 0.0, '2063': 0.0, '41': 0.0}"
1,X1,3,"{'281': -0.00098930972659441035, '1783': -0.0009651615108649174, '872': -0.00095387721930847221, '2063': -0.0010516829456171893, '41': -0.00097374339032400858}","{'281': 0.0, '1783': 0.0, '872': 0.0, '2063': 0.0, '41': 0.0}"
1,X1,4,"{'281': -0.0010974611614474265, '1783': -0.0010709193766499276, '872': -0.0010575521018196911, '2063': -0.0011665701407510397, '41': -0.0010776197245880781}","{'281': 0.0, '1783': 0.0, '872': 0.0, '2063': 0.0, '41': 0.0}"
1,X1,5,"{'281': -0.0012257766256731932, '1783': -0.0011968924918569139, '872': -0.0011800384076608096, '2063': -0.0013031400424082349, '41': -0.0011985779347341002}","{'281': 0.0, '1783': 0.0, '872': 0.0, '2063': 0.0, '41': 0.0}"
1,X1,6,"{'281': -0.0013713402577990995, '1783': -0.0013408680885407926, '872': -0.0013178547881201059, '2063': -0.0014586341709190874, '41': -0.0013317384489267353}","{'281': 0.0, '1783': 0.0, '872': 0.0, '2063': 0.0, '41': 0.0}"
1,X1,7,"{'281': -0.0015192054041316685, '1783': -0.0014888992600245832, '872': -0.0014563138036568306, '2063': -0.0016176313303824833, '41': -0.0014606733092042377}","{'281': 0.0, '1783': 0.0, '872': 0.0, '2063': 0.0, '41': 0.0}"
1,X1,8,"{'281': -0.0016348719678249072, '1783': -0.0016076225082747486, '872': -0.0015621168454445023, '2063': -0.0017436360576414973, '41': -0.0015520241039900795}","{'281': 0.0, '1783': 0.0, '872': 0.0, '2063': 0.0, '41': 0.0}"
1,X1,9,"{'281': -0.0016618806136414201, '1783': -0.0016405648318009701, '872': -0.0015819394018992336, '2063': -0.0017759333233041889, '41': -0.0015554583382609555}","{'281': 0.0, '1783': 0.0, '872': 0.0, '2063': 0.0, '41': 0.0}"
1,X1,10,"{'281': -0.001532462224802008, '1783': -0.0015187996331124981, '872': -0.001453422123370646, '2063': -0.0016410371112109648, '41': -0.001414874335023185}","{'281': 0.0, '1783': 0.0, '872': 0.0, '2063': 0.0, '41': 0.0}"
1,X1,11,"{'281': -0.0011977484429646383, '1783': -0.0011910402162973969, '872': -0.0011325385857988617, '2063': -0.0012848379288602713, '41': -0.0010934116105520966}","{'281': 0.0, '1783': 0.0, '872': 0.0, '2063': 0.0, '41': 0.0}"
1,X1,12,"{'281': -0.00066186199857584584, '1783': -0.00065962317170059756, '872': -0.00062457943362176339, '2063': -0.00071084341047929613, '41': -0.00059974567238254379}","{'281': 0.0, '1783': 0.0, '872': 0.0, '2063': 0.0, '41': 0.0}"
1,X1,13,"{'281': 0.0, '1783': 0.0, '872': 0.0, '2063': 0.0, '41': 0.0}","{'281': 0.0, '1783': 0.0, '872': 0.0, '2063': 0.0, '41': 0.0}"
1,X1,14,"{'281': 0.00066187089957533995, '1783': 0.0006596345524575724, '872': 0.00062454845547486838, '2063': 0.00071083636246152234, '41': 0.00059974377995906328}","{'281': 0.0, '1783': 0.0, '872': 0.0, '2063': 0.0, '41': 0.0}"
1,X1,15,"{'281': 0.0011976515399541564, '1783': 0.0011909469764061515, '872': 0.0011324602827071928, '2063': 0.0012847570767750237, '41': 0.0010933209244970454}","{'281': 0.0, '1783': 0.0, '872': 0.0, '2063': 0.0, '41': 0.0}"
1,X1,16,"{'281': 0.0015324396507859688, '1783': 0.0015187840847158522, '872': 0.0014533385493361182, '2063': 0.0016410033771171414, '41': 0.0014148447867278395}","{'281': 0.0, '1783': 0.0, '872': 0.0, '2063': 0.0, '41': 0.0}"
1,X1,17,"{'281': 0.0016617844059369691, '1783': 0.0016404849254146323, '872': 0.0015818001396239797, '2063': 0.0017758123432231377, '41': 0.001555397444145874}","{'281': 0.0, '1783': 0.0, '872': 0.0, '2063': 0.0, '41': 0.0}"
1,X1,18,"{'281': 0.0016348273620460144, '1783': 0.0016075599492565372, '872': 0.0015619522573201759, '2063': 0.0017435330111063032, '41': 0.0015519923085479692}","{'281': 0.0, '1783': 0.0, '872': 0.0, '2063': 0.0, '41': 0.0}"
1,X1,19,"{'281': 0.0015190341760386028, '1783': 0.0014887817925078105, '872': 0.0014561409136943015, '2063': 0.0016174520498014175, '41': 0.0014605459814121273}","{'281': 0.0, '1783': 0.0, '872': 0.0, '2063': 0.0, '41': 0.0}"
1,X1,20,"{'281': 0.0013711643424651504, '1783': 0.001340706157409739, '872': 0.0013177438433013115, '2063': 0.0014584304123634643, '41': 0.0013315793404746579}","{'281': 0.0, '1783': 0.0, '872': 0.0, '2063': 0.0, '41': 0.0}"
1,X1,21,"{'281': 0.0012256481951955741, '1783': 0.0011967678961506639, '872': 0.0011798922629376425, '2063': 0.0013029943815947046, '41': 0.001198443088721753}","{'281': 0.0, '1783': 0.0, '872': 0.0, '2063': 0.0, '41': 0.0}"
1,X1,22,"{'281': 0.0010973515806566685, '1783': 0.001070820300387759, '872': 0.0010574258744449657, '2063': 0.0011664414419325633, '41': 0.0010775355086446439}","{'281': 0.0, '1783': 0.0, '872': 0.0, '2063': 0.0, '41': 0.0}"
1,X1,23,"{'281': 0.0009891657439071186, '1783': 0.00096505999769789781, '872': 0.00095375495050329501, '2063': 0.0010515318819758659, '41': 0.00097363345863828675}","{'281': 0.0, '1783': 0.0, '872': 0.0, '2063': 0.0, '41': 0.0}"
1,X1,24,"{'281': 0.00089907018585831428, '1783': 0.00087709617760973362, '872': 0.00086713164553096661, '2063': 0.00095586448401862841, '41': 0.00088617406858601446}","{'281': 0.0, '1783': 0.0, '872': 0.0, '2063': 0.0, '41': 0.0}"
1,X1,25,"{'281': 0.00082366374383239594, '1783': 0.00080358486917028033, '872': 0.00079457817572089117, '2063': 0.00087582460184096344, '41': 0.00081256854317106699}","{'281': 0.0, '1783': 0.0, '872': 0.0, '2063': 0.0, '41': 0.0}"
Scan_2
2,Y2,1,"{'281': 0.0, '1783': 0.0, '872': 0.0, '2063': 0.0, '41': 0.0}","{'281': -0.0007634302877786574, '1783': -0.00074534094661478649, '872': -0.00073756170891180694, '2063': -0.00081310066697382283, '41': -0.00075866081038015738}"
2,Y2,2,"{'281': 0.0, '1783': 0.0, '872': 0.0, '2063': 0.0, '41': 0.0}","{'281': -0.00083213945626170027, '1783': -0.00081247016930273593, '872': -0.00080398276347338473, '2063': -0.00088637910537335204, '41': -0.00082731169118026586}"
2,Y2,3,"{'281': 0.0, '1783': 0.0, '872': 0.0, '2063': 0.0, '41': 0.0}","{'281': -0.00091402750191764989, '1783': -0.00089255389535934724, '872': -0.00088313655949400264, '2063': -0.00097379115848554793, '41': -0.00090880171344600886}"
2,Y2,4,"{'281': 0.0, '1783': 0.0, '872': 0.0, '2063': 0.0, '41': 0.0}","{'281': -0.001012373205779209, '1783': -0.00098887753500984392, '872': -0.00097799431400732409, '2063': -0.0010788197445622933, '41': -0.0010056206699597197}"
2,Y2,5,"{'281': 0.0, '1783': 0.0, '872': 0.0, '2063': 0.0, '41': 0.0}","{'281': -0.0011299901539537224, '1783': -0.0011043723610657846, '872': -0.0010908387816115374, '2063': -0.0012044362039604609, '41': -0.0011184726010290528}"
2,Y2,6,"{'281': 0.0, '1783': 0.0, '872': 0.0, '2063': 0.0, '41': 0.0}","{'281': -0.0012657918130698819, '1783': -0.0012384857763988988, '872': -0.0012197665248617703, '2063': -0.0013494839594321952, '41': -0.0012429864389863815}"
2,Y2,7,"{'281': 0.0, '1783': 0.0, '872': 0.0, '2063': 0.0, '41': 0.0}","{'281': -0.00140838828974806, '1783': -0.0013805760766590837, '872': -0.0013527953558161799, '2063': -0.0015017329313082302, '41': -0.001363911024962284}"
2,Y2,8,"{'281': 0.0, '1783': 0.0, '872': 0.0, '2063': 0.0, '41': 0.0}","{'281': -0.0015278138582511033, '1783': -0.0014636411309364617, '872': -0.0014241254226606203, '2063': -0.0015869044904468727, '41': -0.0014503646203577972}"
2,Y2,9,"{'281': 0.0, '1783': 0.0, '872': 0.0, '2063': 0.0, '41': 0.0}","{'281': -0.0015694031745587568, '1783': -0.0015474049800879204, '872': -0.0014912434438156131, '2063': -0.0016733241756208518, '41': -0.0014547644210864993}"
2,Y2,10,"{'281': 0.0, '1783': 0.0, '872': 0.0, '2063': 0.0, '41': 0.0}","{'281': -0.0014639323893783263, '1783': -0.0014480806160457496, '872': -0.0013824409449459778, '2063': -0.0015605850948210462, '41': -0.0013245658618751648}"
2,Y2,11,"{'281': 0.0, '1783': 0.0, '872': 0.0, '2063': 0.0, '41': 0.0}","{'281': -0.0011557350825319697, '1783': -0.0011463755020873964, '872': -0.0010856076073919997, '2063': -0.0012317961609366627, '41': -0.0010243759996077372}"
2,Y2,12,"{'281': 0.0, '1783': 0.0, '872': 0.0, '2063': 0.0, '41': 0.0}","{'281': -0.0006430583101890659, '1783': -0.00063902963305681687, '872': -0.00060188419684457288, '2063': -0.00068528146406048387, '41': -0.00056218350895034623}"
2,Y2,13,"{'281': 0.0, '1783': 0.0, '872': 0.0, '2063': 0.0, '41': 0.0}","{'281': 0.0, '1783': 0.0, '872': 0.0, '2063': 0.0, '41': 0.0}"
2,Y2,14,"{'281': 0.0, '1783': 0.0, '872': 0.0, '2063': 0.0, '41': 0.0}","{'281': 0.00064303854330898446, '1783': 0.00063902946879433879, '872': 0.00060186626901385844, '2063': 0.00068527234935773123, '41': 0.00056216192819326621}"
2,Y2,15,"{'281': 0.0, '1783': 0.0, '872': 0.0, '2063': 0.0, '41': 0.0}","{'281': 0.0011556877603316835, '1783': 0.001146341298985571, '872': 0.0010855564531871847, '2063': 0.0012317492614282318, '41': 0.0010243450580265717}"
2,Y2,16,"{'281': 0.0, '1783': 0.0, '872': 0.0, '2063': 0.0, '41': 0.0}","{'281': 0.0014638457697470854, '1783': 0.0014479762284772347, '872': 0.0013823337143086896, '2063': 0.0015604684238660241, '41': 0.0013244652634344335}"
2,Y2,17,"{'281': 0.0, '1783': 0.0, '872': 0.0, '2063': 0.0, '41': 0.0}","{'281': 0.0015692964099779561, '1783': 0.0015472885714147258, '872': 0.001491155830407163, '2063': 0.001673169978694711, '41': 0.0014546831220715428}"
2,Y2,18,"{'281': 0.0, '1783': 0.0, '872': 0.0, '2063': 0.0, '41': 0.0}","{'281': 0.0015276212402613619, '1783': 0.0015014202886513628, '872': 0.001460180707514025, '2063': 0.0016288996724095571, '41': 0.0014501985866364588}"
2,Y2,19,"{'281': 0.0, '1783': 0.0, '872': 0.0, '2063': 0.0, '41': 0.0}","{'281': 0.0014082452443179548, '1783': 0.0013804349960044641, '872': 0.0013526863514542761, '2063': 0.0015015555974430743, '41': 0.0013637774382027389}"
2,Y2,20,"{'281': 0.0, '1783': 0.0, '872': 0.0, '2063': 0.0, '41': 0.0}","{'281': 0.0012656009526457344, '1783': 0.0012382599932380329, '872': 0.0012195964249144008, '2063': 0.001349235779484773, '41': 0.0012428222175494797}"
2,Y2,21,"{'281': 0.0, '1783': 0.0, '872': 0.0, '2063': 0.0, '41': 0.0}","{'281': 0.0011298535252268059, '1783': 0.0011042325662976695, '872': 0.0010906903584995541, '2063': 0.0012042332116483014, '41': 0.0011183710523938637}"
2,Y2,22,"{'281': 0.0, '1783': 0.0, '872': 0.0, '2063': 0.0, '41': 0.0}","{'281': 0.0010122750503936272, '1783': 0.00098873642083076741, '872': 0.00097787708934764456, '2063': 0.0010786591674861467, '41': 0.0010055085331561818}"
2,Y2,23,"{'281': 0.0, '1783': 0.0, '872': 0.0, '2063': 0.0, '41': 0.0}","{'281': 0.00091386833523944609, '1783': 0.00089239147239575465, '872': 0.00088301216328654029, '2063': 0.00097359682614505587, '41': 0.00090866231320949}"
2,Y2,24,"{'281': 0.0, '1783': 0.0, '872': 0.0, '2063': 0.0, '41': 0.0}","{'281': 0.00083197886938766357, '1783': 0.0008123189803576859, '872': 0.00080386160144940071, '2063': 0.00088618905606104611, '41': 0.00082715047435369545}"
2,Y2,25,"{'281': 0.0, '1783': 0.0, '872': 0.0, '2063': 0.0, '41': 0.0}","{'281': 0.000763295000076625, '1783': 0.00074520362338434507, '872': 0.00073742663881638196, '2063': 0.00081291905974719325, '41': 0.00075853542679307491}"
Scan_4
4,X4,1,"{'281': -0.00082269140801320608, '1783': -0.00080328137023990306, '872': -0.00079415241401365486, '2063': -0.00087475152448157514, '41': -0.00081191139529745223}","{'281': 0.0, '1783': 0.0, '872': 0.0, '2063': 0.0, '41': 0.0}"
4,X4,2,"{'281': -0.00089783290602189704, '1783': -0.00087676794033215164, '872': -0.00086670747515228013, '2063': -0.00095454531881749931, '41': -0.00088540103507470829}","{'281': 0.0, '1783': 0.0, '872': 0.0, '2063': 0.0, '41': 0.0}"
4,X4,3,"{'281': -0.00098778371420200819, '1783': -0.00096479654220261155, '872': -0.00095336249225419078, '2063': -0.0010500086276692161, '41': -0.0009728159381221013}","{'281': 0.0, '1783': 0.0, '872': 0.0, '2063': 0.0, '41': 0.0}"
4,X4,4,"{'281': -0.0010957727563286324, '1783': -0.00107063869000638, '872': -0.0010572080711418015, '2063': -0.0011645947715114406, '41': -0.0010765676290555644}","{'281': 0.0, '1783': 0.0, '872': 0.0, '2063': 0.0, '41': 0.0}"
4,X4,5,"{'281': -0.0012242845315776029, '1783': -0.0011970165580645503, '872': -0.0011801881524562609, '2063': -0.0013009966551843096, '41': -0.0011976000070332425}","{'281': 0.0, '1783': 0.0, '872': 0.0, '2063': 0.0, '41': 0.0}"
4,X4,6,"{'281': -0.0013705867907055894, '1783': -0.001341660768735494, '872': -0.0013191119561116657, '2063': -0.0014564602766029857, '41': -0.0013310034338578714}","{'281': 0.0, '1783': 0.0, '872': 0.0, '2063': 0.0, '41': 0.0}"
4,X4,7,"{'281': -0.0015204743017773158, '1783': -0.0014911055891378023, '872': -0.0014594880348903889, '2063': -0.0016159723915989588, '41': -0.0014607087657169291}","{'281': 0.0, '1783': 0.0, '872': 0.0, '2063': 0.0, '41': 0.0}"
4,X4,8,"{'281': -0.0016395192750735523, '1783': -0.0016117911662795012, '872': -0.0015681595659043487, '2063': -0.0017431308530008005, '41': -0.0015531363577971702}","{'281': 0.0, '1783': 0.0, '872': 0.0, '2063': 0.0, '41': 0.0}"
4,X4,9,"{'281': -0.0016706201867856586, '1783': -0.0016470211202678775, '872': -0.0015911738069646388, '2063': -0.0017771372301821748, '41': -0.0015579470185822231}","{'281': 0.0, '1783': 0.0, '872': 0.0, '2063': 0.0, '41': 0.0}"
4,X4,10,"{'281': -0.0015443922811667124, '1783': -0.0015267749208986105, '872': -0.0014647984140909332, '2063': -0.0016438810999998773, '41': -0.001418377257390171}","{'281': 0.0, '1783': 0.0, '872': 0.0, '2063': 0.0, '41': 0.0}"
4,X4,11,"{'281': -0.0012095455537451652, '1783': -0.0011985322988933688, '872': -0.001143225698444247, '2063': -0.0012881783034713128, '41': -0.0010968727597632226}","{'281': 0.0, '1783': 0.0, '872': 0.0, '2063': 0.0, '41': 0.0}"
4,X4,12,"{'281': -0.00066932630587701364, '1783': -0.00066424156950986915, '872': -0.00063112788699611435, '2063': -0.0007130878812197242, '41': -0.00060192169042856962}","{'281': 0.0, '1783': 0.0, '872': 0.0, '2063': 0.0, '41': 0.0}"
4,X4,13,"{'281': 0.0, '1783': 0.0, '872': 0.0, '2063': 0.0, '41': 0.0}","{'281': 0.0, '1783': 0.0, '872': 0.0, '2063': 0.0, '41': 0.0}"
4,X4,14,"{'281': 0.00066929595247799359, '1783': 0.00066421676140265558, '872': 0.00063112156959225878, '2063': 0.00071305773308265395, '41': 0.00060189602933048052}","{'281': 0.0, '1783': 0.0, '872': 0.0, '2063': 0.0, '41': 0.0}"
4,X4,15,"{'281': 0.0012094882365601923, '1783': 0.0011984623925788056, '872': 0.0011431433417219818, '2063': 0.0012880906239934454, '41': 0.0010967930568871655}","{'281': 0.0, '1783': 0.0, '872': 0.0, '2063': 0.0, '41': 0.0}"
4,X4,16,"{'281': 0.0015442563133943805, '1783': 0.0015266595185527798, '872': 0.0014646985865019472, '2063': 0.0016437486580494706, '41': 0.0014182525566275527}","{'281': 0.0, '1783': 0.0, '872': 0.0, '2063': 0.0, '41': 0.0}"
4,X4,17,"{'281': 0.0016704413212387035, '1783': 0.0016468134116405676, '872': 0.0015910378710126077, '2063': 0.0017769664882686886, '41': 0.0015578117293703648}","{'281': 0.0, '1783': 0.0, '872': 0.0, '2063': 0.0, '41': 0.0}"
4,X4,18,"{'281': 0.0016394726774539043, '1783': 0.0016117615134339527, '872': 0.0015680459965246741, '2063': 0.001743050581171862, '41': 0.0015531643404932641}","{'281': 0.0, '1783': 0.0, '872': 0.0, '2063': 0.0, '41': 0.0}"
4,X4,19,"{'281': 0.0015203483221491445, '1783': 0.001490948101109952, '872': 0.0014593344349403449, '2063': 0.0016158084044071755, '41': 0.0014605659972414793}","{'281': 0.0, '1783': 0.0, '872': 0.0, '2063': 0.0, '41': 0.0}"
4,X4,20,"{'281': 0.0013704308158434318, '1783': 0.0013414415369499527, '872': 0.0013189004716457776, '2063': 0.0014562356920194061, '41': 0.0013308571855568517}","{'281': 0.0, '1783': 0.0, '872': 0.0, '2063': 0.0, '41': 0.0}"
4,X4,21,"{'281': 0.0012240740178380584, '1783': 0.0011967878325093615, '872': 0.0011799922750348024, '2063': 0.0013007310608077233, '41': 0.0011974043532465674}","{'281': 0.0, '1783': 0.0, '872': 0.0, '2063': 0.0, '41': 0.0}"
4,X4,22,"{'281': 0.0010956374993092567, '1783': 0.0010704856154023677, '872': 0.0010570555384217509, '2063': 0.0011644038615531863, '41': 0.0010764285559736713}","{'281': 0.0, '1783': 0.0, '872': 0.0, '2063': 0.0, '41': 0.0}"
4,X4,23,"{'281': 0.00098763491113808733, '1783': 0.00096460037240686286, '872': 0.00095319152775938517, '2063': 0.0010497885643804238, '41': 0.00097266140201026816}","{'281': 0.0, '1783': 0.0, '872': 0.0, '2063': 0.0, '41': 0.0}"
4,X4,24,"{'281': 0.00089771663822602466, '1783': 0.00087659645995673535, '872': 0.00086654887113070205, '2063': 0.00095436607404604968, '41': 0.000885278327312079}","{'281': 0.0, '1783': 0.0, '872': 0.0, '2063': 0.0, '41': 0.0}"
4,X4,25,"{'281': 0.00082249279029400913, '1783': 0.00080307668299597521, '872': 0.00079399155748500485, '2063': 0.00087453051098564268, '41': 0.00081174096628491984}","{'281': 0.0, '1783': 0.0, '872': 0.0, '2063': 0.0, '41': 0.0}"
Scan_3
3,Y3,1,"{'281': 0.0, '1783': 0.0, '872': 0.0, '2063': 0.0, '41': 0.0}","{'281': -0.00076313279181577074, '1783': -0.00074443700067117246, '872': -0.00073677282420892508, '2063': -0.0008126992365522195, '41': -0.00075814129191687462}"
3,Y3,2,"{'281': 0.0, '1783': 0.0, '872': 0.0, '2063': 0.0, '41': 0.0}","{'281': -0.00083188926643499325, '1783': -0.00081141895763570939, '872': -0.00080314262480646369, '2063': -0.00088599676338831947, '41': -0.00082673732277694246}"
3,Y3,3,"{'281': 0.0, '1783': 0.0, '872': 0.0, '2063': 0.0, '41': 0.0}","{'281': -0.00091389540064430719, '1783': -0.00089138512787569535, '872': -0.00088219638634466505, '2063': -0.00097347169653886918, '41': -0.00090826674265914351}"
3,Y3,4,"{'281': 0.0, '1783': 0.0, '872': 0.0, '2063': 0.0, '41': 0.0}","{'281': -0.001012493107118753, '1783': -0.00098762971818212582, '872': -0.00097711329916084361, '2063': -0.0010786036286387706, '41': -0.0010051286198274367}"
3,Y3,5,"{'281': 0.0, '1783': 0.0, '872': 0.0, '2063': 0.0, '41': 0.0}","{'281': -0.0011304103761437373, '1783': -0.0011032031479704409, '872': -0.0010902032383044303, '2063': -0.001204273844648375, '41': -0.0011180671053409171}"
3,Y3,6,"{'281': 0.0, '1783': 0.0, '872': 0.0, '2063': 0.0, '41': 0.0}","{'281': -0.0012668306103994006, '1783': -0.001237774594686739, '872': -0.0012199691919997742, '2063': -0.0013492595518374657, '41': -0.0012426923337219354}"
3,Y3,7,"{'281': 0.0, '1783': 0.0, '872': 0.0, '2063': 0.0, '41': 0.0}","{'281': -0.0014106162855164366, '1783': -0.0013813737250466542, '872': -0.0013549464137152577, '2063': -0.0015015022250972421, '41': -0.0013640631964260913}"
3,Y3,8,"{'281': 0.0, '1783': 0.0, '872': 0.0, '2063': 0.0, '41': 0.0}","{'281': -0.0015314982791298721, '1783': -0.0015049450825288121, '872': -0.0014655741904578397, '2063': -0.0016284177260799035, '41': -0.0014509738271936258}"
3,Y3,9,"{'281': 0.0, '1783': 0.0, '872': 0.0, '2063': 0.0, '41': 0.0}","{'281': -0.0015748609559212469, '1783': -0.0015542348755557156, '872': -0.0015002367153577802, '2063': -0.0016721602825582182, '41': -0.0014559812119209088}"
3,Y3,10,"{'281': 0.0, '1783': 0.0, '872': 0.0, '2063': 0.0, '41': 0.0}","{'281': -0.0014703972170535917, '1783': -0.0014577279849902257, '872': -0.0013942141147259837, '2063': -0.0015588634414508689, '41': -0.0013261212069503067}"
3,Y3,11,"{'281': 0.0, '1783': 0.0, '872': 0.0, '2063': 0.0, '41': 0.0}","{'281': -0.0011617998880047665, '1783': -0.0011563360900283084, '872': -0.0010971980608989618, '2063': -0.0012300253981939518, '41': -0.0010259048435846728}"
3,Y3,12,"{'281': 0.0, '1783': 0.0, '872': 0.0, '2063': 0.0, '41': 0.0}","{'281': -0.00064673797308220345, '1783': -0.00064540402524272537, '872': -0.000609160086352679, '2063': -0.00068409718255768885, '41': -0.00056309531497863866}"
3,Y3,13,"{'281': 0.0, '1783': 0.0, '872': 0.0, '2063': 0.0, '41': 0.0}","{'281': 0.0, '1783': 0.0, '872': 0.0, '2063': 0.0, '41': 0.0}"
3,Y3,14,"{'281': 0.0, '1783': 0.0, '872': 0.0, '2063': 0.0, '41': 0.0}","{'281': 0.00064671426378474291, '1783': 0.00064538233521274082, '872': 0.00060916218302479043, '2063': 0.00068407511312522471, '41': 0.00056307847967955319}"
3,Y3,15,"{'281': 0.0, '1783': 0.0, '872': 0.0, '2063': 0.0, '41': 0.0}","{'281': 0.0011617134838928789, '1783': 0.0011562254055685287, '872': 0.0010971483328055757, '2063': 0.0012299394479247782, '41': 0.0010258197978879405}"
3,Y3,16,"{'281': 0.0, '1783': 0.0, '872': 0.0, '2063': 0.0, '41': 0.0}","{'281': 0.0014703126281477, '1783': 0.0014576661149990552, '872': 0.0013941778435504722, '2063': 0.0015587857836237261, '41': 0.0013260548188795197}"
3,Y3,17,"{'281': 0.0, '1783': 0.0, '872': 0.0, '2063': 0.0, '41': 0.0}","{'281': 0.0015747917292844753, '1783': 0.001554142891140033, '872': 0.001500123322298625, '2063': 0.0016720520827075993, '41': 0.001455945864593868}"
3,Y3,18,"{'281': 0.0, '1783': 0.0, '872': 0.0, '2063': 0.0, '41': 0.0}","{'281': 0.0015313158839003473, '1783': 0.0015047740853106081, '872': 0.0014654630412754568, '2063': 0.0016282016019056589, '41': 0.0014508310282153785}"
3,Y3,19,"{'281': 0.0, '1783': 0.0, '872': 0.0, '2063': 0.0, '41': 0.0}","{'281': 0.0014104958597362393, '1783': 0.0013812633437460871, '872': 0.0013548572510429227, '2063': 0.0015013614623785483, '41': 0.0013639825667955221}"
3,Y3,20,"{'281': 0.0, '1783': 0.0, '872': 0.0, '2063': 0.0, '41': 0.0}","{'281': 0.0012667119842449455, '1783': 0.001237699216616961, '872': 0.0012198491735206909, '2063': 0.0013491571931478323, '41': 0.0012426324188363918}"
3,Y3,21,"{'281': 0.0, '1783': 0.0, '872': 0.0, '2063': 0.0, '41': 0.0}","{'281': 0.0011302173373761468, '1783': 0.0011029864468565516, '872': 0.0010900320782534227, '2063': 0.0012040306525381754, '41': 0.001117882566329944}"
3,Y3,22,"{'281': 0.0, '1783': 0.0, '872': 0.0, '2063': 0.0, '41': 0.0}","{'281': 0.0010122874249590855, '1783': 0.00098743063354723212, '872': 0.00097696273923841771, '2063': 0.00107838517150549, '41': 0.0010049340943209053}"
3,Y3,23,"{'281': 0.0, '1783': 0.0, '872': 0.0, '2063': 0.0, '41': 0.0}","{'281': 0.0009137063561094616, '1783': 0.0008912145318060871, '872': 0.00088204946331730334, '2063': 0.00097327346799636039, '41': 0.00090810820231527632}"
3,Y3,24,"{'281': 0.0, '1783': 0.0, '872': 0.0, '2063': 0.0, '41': 0.0}","{'281': 0.00083166355347715946, '1783': 0.00081120579117327876, '872': 0.00080295879931277557, '2063': 0.000885752084697507, '41': 0.00082654677979589945}"
3,Y3,25,"{'281': 0.0, '1783': 0.0, '872': 0.0, '2063': 0.0, '41': 0.0}","{'281': 0.00076295516461878264, '1783': 0.00074425451269663425, '872': 0.00073659286796214584, '2063': 0.00081245693836921786, '41': 0.000757956011402428}"
Scan_5
5,X5,1,"{'281': 0.0010998456238407509, '1783': 0.0010720469792982849, '872': 0.001060858750100246, '2063': 0.0011671893160592676, '41': 0.0010792502223088776}","{'281': 0.0, '1783': 0.0, '872': 0.0, '2063': 0.0, '41': 0.0}"
5,X5,2,"{'281': 0.0012298362037447507, '1783': 0.0011991979730258619, '872': 0.0011851382110557136, '2063': 0.0013048834712494147, '41': 0.0012012996849636594}","{'281': 0.0, '1783': 0.0, '872': 0.0, '2063': 0.0, '41': 0.0}"
5,X5,3,"{'281': 0.0013782422346084605, '1783': 0.0013452850076051751, '872': 0.0013257480395324, '2063': 0.0014624464454466484, '41': 0.0013362009257634878}","{'281': 0.0, '1783': 0.0, '872': 0.0, '2063': 0.0, '41': 0.0}"
5,X5,4,"{'281': 0.0015306048377671138, '1783': 0.0014969392007165912, '872': 0.0014680473933364271, '2063': 0.0016250897991988839, '41': 0.0014677559044190983}","{'281': 0.0, '1783': 0.0, '872': 0.0, '2063': 0.0, '41': 0.0}"
5,X5,5,"{'281': 0.0016521684826047416, '1783': 0.0016205139628195427, '872': 0.0015785341893957729, '2063': 0.0017562208521712298, '41': 0.0015622816258114411}","{'281': 0.0, '1783': 0.0, '872': 0.0, '2063': 0.0, '41': 0.0}"
5,X5,6,"{'281': 0.0016850603810459617, '1783': 0.001658653671814891, '872': 0.0016026107784615992, '2063': 0.0017940340030956458, '41': 0.001568674350765213}","{'281': 0.0, '1783': 0.0, '872': 0.0, '2063': 0.0, '41': 0.0}"
5,X5,7,"{'281': 0.0015587710490734038, '1783': 0.0015399315940593471, '872': 0.0014758713226367907, '2063': 0.0016624759665664058, '41': 0.0014293182590920451}","{'281': 0.0, '1783': 0.0, '872': 0.0, '2063': 0.0, '41': 0.0}"
5,X5,8,"{'281': 0.0012214388350034319, '1783': 0.0012104262089865853, '872': 0.0011520973738344603, '2063': 0.0013047068436218877, '41': 0.0011060779462818558}","{'281': 0.0, '1783': 0.0, '872': 0.0, '2063': 0.0, '41': 0.0}"
5,X5,9,"{'281': 0.00067609806475016452, '1783': 0.00067142030977163276, '872': 0.00063611704907147871, '2063': 0.00072297046580982374, '41': 0.0006072312186931703}","{'281': 0.0, '1783': 0.0, '872': 0.0, '2063': 0.0, '41': 0.0}"
5,X5,10,"{'281': 0.0, '1783': 0.0, '872': 0.0, '2063': 0.0, '41': 0.0}","{'281': 0.0, '1783': 0.0, '872': 0.0, '2063': 0.0, '41': 0.0}"
5,X5,11,"{'281': -0.00067607223465507207, '1783': -0.00067139400618586548, '872': -0.00063609244490457487, '2063': -0.00072293999583091829, '41': -0.00060722111381480157}","{'281': 0.0, '1783': 0.0, '872': 0.0, '2063': 0.0, '41': 0.0}"
5,X5,12,"{'281': -0.0012213765897406467, '1783': -0.0012103913877117873, '872': -0.0011520082214250742, '2063': -0.0013046417554782872, '41': -0.0011060162362776362}","{'281': 0.0, '1783': 0.0, '872': 0.0, '2063': 0.0, '41': 0.0}"
5,X5,13,"{'281': -0.0015586355833881352, '1783': -0.0015398148661435345, '872': -0.0014756978566808701, '2063': -0.0016622910981319726, '41': -0.0014291948801887428}","{'281': 0.0, '1783': 0.0, '872': 0.0, '2063': 0.0, '41': 0.0}"
5,X5,14,"{'281': -0.0016848513990192493, '1783': -0.0016584259488305413, '872': -0.0016023787564866227, '2063': -0.0017937597613262889, '41': -0.0015685066189892161}","{'281': 0.0, '1783': 0.0, '872': 0.0, '2063': 0.0, '41': 0.0}"
5,X5,15,"{'281': -0.001652085661732885, '1783': -0.0016203870609379982, '872': -0.0015783120654211417, '2063': -0.0017560758990810812, '41': -0.0015622200803132192}","{'281': 0.0, '1783': 0.0, '872': 0.0, '2063': 0.0, '41': 0.0}"
5,X5,16,"{'281': -0.0015304392015392362, '1783': -0.0014967349073130431, '872': -0.0014678264741648363, '2063': -0.0016248822321857782, '41': -0.0014676129058358832}","{'281': 0.0, '1783': 0.0, '872': 0.0, '2063': 0.0, '41': 0.0}"
5,X5,17,"{'281': -0.0013779577830478769, '1783': -0.0013449779890707632, '872': -0.0013254619178533207, '2063': -0.0014621398142466168, '41': -0.0013359685722746418}","{'281': 0.0, '1783': 0.0, '872': 0.0, '2063': 0.0, '41': 0.0}"
5,X5,18,"{'281': -0.0012295741541674624, '1783': -0.0011989076616935898, '872': -0.0011848565385107319, '2063': -0.0013045438302536744, '41': -0.0012010581443481728}","{'281': 0.0, '1783': 0.0, '872': 0.0, '2063': 0.0, '41': 0.0}"
5,X5,19,"{'281': -0.00109960226677395, '1783': -0.0010717855099651268, '872': -0.0010605944147192563, '2063': -0.0011669163211853934, '41': -0.0010790046360199615}","{'281': 0.0, '1783': 0.0, '872': 0.0, '2063': 0.0, '41': 0.0}"
Scan_6
6,Y6,1,"{'281': 0.0, '1783': 0.0, '872': 0.0, '2063': 0.0, '41': 0.0}","{'281': 0.00100827495366656, '1783': 0.00098544782555153965, '872': 0.0009731948056699029, '2063': 0.0010754437853098553, '41': 0.0010023507694238809}"
6,Y6,2,"{'281': 0.0, '1783': 0.0, '872': 0.0, '2063': 0.0, '41': 0.0}","{'281': 0.0011261102700985545, '1783': 0.0011011180741040368, '872': 0.0010861901945262739, '2063': 0.0012013209720747279, '41': 0.0011157632154847712}"
6,Y6,3,"{'281': 0.0, '1783': 0.0, '872': 0.0, '2063': 0.0, '41': 0.0}","{'281': 0.0012638814466185305, '1783': 0.0012366574590106602, '872': 0.0012171840973157259, '2063': 0.00134790508808616, '41': 0.0012421160225764233}"
6,Y6,4,"{'281': 0.0, '1783': 0.0, '872': 0.0, '2063': 0.0, '41': 0.0}","{'281': 0.0014119294862544203, '1783': 0.0013828092868694341, '872': 0.00135591702983371, '2063': 0.0015041863614714557, '41': 0.0013670995578186529}"
6,Y6,5,"{'281': 0.0, '1783': 0.0, '872': 0.0, '2063': 0.0, '41': 0.0}","{'281': 0.0015412574692260832, '1783': 0.0015112504499129131, '872': 0.0014737994562783947, '2063': 0.0016387151447921067, '41': 0.0014598797068738764}"
6,Y6,6,"{'281': 0.0, '1783': 0.0, '872': 0.0, '2063': 0.0, '41': 0.0}","{'281': 0.001596018691312475, '1783': 0.0015669956023863336, '872': 0.0015181116551041803, '2063': 0.0016922545423572321, '41': 0.0014715747909880943}"
6,Y6,7,"{'281': 0.0, '1783': 0.0, '872': 0.0, '2063': 0.0, '41': 0.0}","{'281': 0.0015013931946225442, '1783': 0.0014759887306032213, '872': 0.0014201762217225305, '2063': 0.0015870608901875285, '41': 0.0013464276958769391}"
6,Y6,8,"{'281': 0.0, '1783': 0.0, '872': 0.0, '2063': 0.0, '41': 0.0}","{'281': 0.0011941107758888234, '1783': 0.0011751832145399763, '872': 0.0011241062726511429, '2063': 0.0012588204375364729, '41': 0.0010456250901984484}"
6,Y6,9,"{'281': 0.0, '1783': 0.0, '872': 0.0, '2063': 0.0, '41': 0.0}","{'281': 0.00066774847757474648, '1783': 0.00065762350687370292, '872': 0.00062655655659361572, '2063': 0.00070260539003040416, '41': 0.000575411981693719}"
6,Y6,10,"{'281': 0.0, '1783': 0.0, '872': 0.0, '2063': 0.0, '41': 0.0}","{'281': 0.0, '1783': 0.0, '872': 0.0, '2063': 0.0, '41': 0.0}"
6,Y6,11,"{'281': 0.0, '1783': 0.0, '872': 0.0, '2063': 0.0, '41': 0.0}","{'281': -0.0006677116896536458, '1783': -0.00065759641721474776, '872': -0.0006265298310130867, '2063': -0.00070258227850142092, '41': -0.00057540064831052365}"
6,Y6,12,"{'281': 0.0, '1783': 0.0, '872': 0.0, '2063': 0.0, '41': 0.0}","{'281': -0.0011940426697112051, '1783': -0.0011751106692893933, '872': -0.0011240313497940272, '2063': -0.0012587492118883885, '41': -0.0010455570186396262}"
6,Y6,13,"{'281': 0.0, '1783': 0.0, '872': 0.0, '2063': 0.0, '41': 0.0}","{'281': -0.001501226471667796, '1783': -0.0014758133530804862, '872': -0.0014200314534853779, '2063': -0.0015868575443967758, '41': -0.0013462900343089745}"
6,Y6,14,"{'281': 0.0, '1783': 0.0, '872': 0.0, '2063': 0.0, '41': 0.0}","{'281': -0.0015958280513452805, '1783': -0.0015668212823293066, '872': -0.0015179239947383516, '2063': -0.0016920307298582086, '41': -0.0014714089011617026}"
6,Y6,15,"{'281': 0.0, '1783': 0.0, '872': 0.0, '2063': 0.0, '41': 0.0}","{'281': -0.0015408972805930122, '1783': -0.0015108624441622571, '872': -0.0014735375708222393, '2063': -0.0016383024226583236, '41': -0.0014595578850517365}"
6,Y6,16,"{'281': 0.0, '1783': 0.0, '872': 0.0, '2063': 0.0, '41': 0.0}","{'281': -0.0014116141018441608, '1783': -0.0013824409241622365, '872': -0.0013556708561350702, '2063': -0.0015038154780038298, '41': -0.001366839555867274}"
6,Y6,17,"{'281': 0.0, '1783': 0.0, '872': 0.0, '2063': 0.0, '41': 0.0}","{'281': -0.0012636027444897007, '1783': -0.0012363467511069166, '872': -0.0012169255601130397, '2063': -0.0013475556494738914, '41': -0.0012418538987266923}"
6,Y6,18,"{'281': 0.0, '1783': 0.0, '872': 0.0, '2063': 0.0, '41': 0.0}","{'281': -0.0011258293198553374, '1783': -0.0011008366127529361, '872': -0.0010859294500747314, '2063': -0.0012009939322172598, '41': -0.0011154924540309997}"
6,Y6,19,"{'281': 0.0, '1783': 0.0, '872': 0.0, '2063': 0.0, '41': 0.0}","{'281': -0.0010080825758019009, '1783': -0.00098523173487650409, '872': -0.000972955362535189, '2063': -0.0010752092699059205, '41': -0.0010021714645569405}"
Scan_7
7,X7,1,"{'281': -0.0011005758953591669, '1783': -0.0010730526973895453, '872': -0.0010598322379571075, '2063': -0.0011686511722132067, '41': -0.0010781876305921369}","{'281': 0.0, '1783': 0.0, '872': 0.0, '2063': 0.0, '41': 0.0}"
7,X7,2,"{'281': -0.0012307286447592668, '1783': -0.0012001691728713659, '872': -0.0011841942236187207, '2063': -0.0013065284686117433, '41': -0.0012003277168906319}","{'281': 0.0, '1783': 0.0, '872': 0.0, '2063': 0.0, '41': 0.0}"
7,X7,3,"{'281': -0.0013788592810946038, '1783': -0.0013454173582313734, '872': -0.0013251447013895566, '2063': -0.0014636553472999322, '41': -0.001335567074159885}","{'281': 0.0, '1783': 0.0, '872': 0.0, '2063': 0.0, '41': 0.0}"
7,X7,4,"{'281': -0.0015303744943785307, '1783': -0.0014950077631541631, '872': -0.0014683395762989978, '2063': -0.0016247828442447099, '41': -0.0014679858363071049}","{'281': 0.0, '1783': 0.0, '872': 0.0, '2063': 0.0, '41': 0.0}"
7,X7,5,"{'281': -0.0016501425537110788, '1783': -0.001614726193585034, '872': -0.0015801462017362461, '2063': -0.0017527636060880179, '41': -0.0015637491791250051}","{'281': 0.0, '1783': 0.0, '872': 0.0, '2063': 0.0, '41': 0.0}"
7,X7,6,"{'281': -0.0016804963033135989, '1783': -0.0016478896608874893, '872': -0.0016058041908106884, '2063': -0.0017862925822592784, '41': -0.0015714215017837681}","{'281': 0.0, '1783': 0.0, '872': 0.0, '2063': 0.0, '41': 0.0}"
7,X7,7,"{'281': -0.0015522455922408755, '1783': -0.0015253931233552565, '872': -0.0014802653195214442, '2063': -0.0016513595252199177, '41': -0.0014331671438944601}","{'281': 0.0, '1783': 0.0, '872': 0.0, '2063': 0.0, '41': 0.0}"
7,X7,8,"{'281': -0.0012147014901835809, '1783': -0.0011958513602686978, '872': -0.0011565228762189274, '2063': -0.0012932285988327377, '41': -0.0011098264746814501}","{'281': 0.0, '1783': 0.0, '872': 0.0, '2063': 0.0, '41': 0.0}"
7,X7,9,"{'281': -0.00067177329879402237, '1783': -0.00066215007249983363, '872': -0.00063890853138004022, '2063': -0.00071555199004874137, '41': -0.00060960420171433363}","{'281': 0.0, '1783': 0.0, '872': 0.0, '2063': 0.0, '41': 0.0}"
7,X7,10,"{'281': 0.0, '1783': 0.0, '872': 0.0, '2063': 0.0, '41': 0.0}","{'281': 0.0, '1783': 0.0, '872': 0.0, '2063': 0.0, '41': 0.0}"
7,X7,11,"{'281': 0.00067177322022827341, '1783': 0.00066214062301156549, '872': 0.00063889217130915182, '2063': 0.00071555263465203486, '41': 0.00060958359634557147}","{'281': 0.0, '1783': 0.0, '872': 0.0, '2063': 0.0, '41': 0.0}"
7,X7,12,"{'281': 0.0012146883851421092, '1783': 0.0011958314691206647, '872': 0.0011564730683280293, '2063': 0.0012932123859646248, '41': 0.0011098321447949174}","{'281': 0.0, '1783': 0.0, '872': 0.0, '2063': 0.0, '41': 0.0}"
7,X7,13,"{'281': 0.0015522198103463843, '1783': 0.0015253221306241204, '872': 0.0014801586633234332, '2063': 0.0016512634484399764, '41': 0.0014331160817336972}","{'281': 0.0, '1783': 0.0, '872': 0.0, '2063': 0.0, '41': 0.0}"
7,X7,14,"{'281': 0.001680298177496187, '1783': 0.0016476547007966129, '872': 0.0016056187096397056, '2063': 0.0017860533712302806, '41': 0.0015712912373216784}","{'281': 0.0, '1783': 0.0, '872': 0.0, '2063': 0.0, '41': 0.0}"
7,X7,15,"{'281': 0.0016499560132473721, '1783': 0.0016145206132429383, '872': 0.0015799176950582112, '2063': 0.001752557085993764, '41': 0.0015635877091689451}","{'281': 0.0, '1783': 0.0, '872': 0.0, '2063': 0.0, '41': 0.0}"
7,X7,16,"{'281': 0.001530021035838384, '1783': 0.0014946053311861713, '872': 0.0014680184152014433, '2063': 0.0016243784260388066, '41': 0.001467659722522495}","{'281': 0.0, '1783': 0.0, '872': 0.0, '2063': 0.0, '41': 0.0}"
7,X7,17,"{'281': 0.0013785779764233042, '1783': 0.0013451373431888998, '872': 0.0013248645868309775, '2063': 0.0014633405105397897, '41': 0.0013353241669637429}","{'281': 0.0, '1783': 0.0, '872': 0.0, '2063': 0.0, '41': 0.0}"
7,X7,18,"{'281': 0.0012304835041691657, '1783': 0.0011998542131562337, '872': 0.0011838974354788573, '2063': 0.0013062129077372189, '41': 0.0012001109398414598}","{'281': 0.0, '1783': 0.0, '872': 0.0, '2063': 0.0, '41': 0.0}"
7,X7,19,"{'281': 0.0011003258648253956, '1783': 0.0010727336395928908, '872': 0.0010595572853268366, '2063': 0.0011683348313398731, '41': 0.0010779301756712451}","{'281': 0.0, '1783': 0.0, '872': 0.0, '2063': 0.0, '41': 0.0}"
Scan_8
8,Y8,1,"{'281': 0.0, '1783': 0.0, '872': 0.0, '2063': 0.0, '41': 0.0}","{'281': -0.0010060745236827135, '1783': -0.00098268058587097618, '872': -0.00097271292882122038, '2063': -0.0010722293612887969, '41': -0.0010020979690804563}"
8,Y8,2,"{'281': 0.0, '1783': 0.0, '872': 0.0, '2063': 0.0, '41': 0.0}","{'281': -0.0011234010591175806, '1783': -0.0010975660100498682, '872': -0.0010857826313297645, '2063': -0.0011973434440361189, '41': -0.0011155784429300976}"
8,Y8,3,"{'281': 0.0, '1783': 0.0, '872': 0.0, '2063': 0.0, '41': 0.0}","{'281': -0.0012608302565228322, '1783': -0.0012322689934840172, '872': -0.0012170334012584407, '2063': -0.0013433654923971287, '41': -0.001242189387074367}"
8,Y8,4,"{'281': 0.0, '1783': 0.0, '872': 0.0, '2063': 0.0, '41': 0.0}","{'281': -0.0014090037348084797, '1783': -0.0013777366062463327, '872': -0.0013563240410749014, '2063': -0.0014997646187992961, '41': -0.0013676509490911986}"
8,Y8,5,"{'281': 0.0, '1783': 0.0, '872': 0.0, '2063': 0.0, '41': 0.0}","{'281': -0.0015391789555273779, '1783': -0.0015057878704079616, '872': -0.0014751183916866834, '2063': -0.0016353660885929191, '41': -0.0014610161620914473}"
8,Y8,6,"{'281': 0.0, '1783': 0.0, '872': 0.0, '2063': 0.0, '41': 0.0}","{'281': -0.001595741783668145, '1783': -0.0015619661042882082, '872': -0.0015205515841714928, '2063': -0.0016912502800952407, '41': -0.0014733935317992213}"
8,Y8,7,"{'281': 0.0, '1783': 0.0, '872': 0.0, '2063': 0.0, '41': 0.0}","{'281': -0.0015031440608128772, '1783': -0.0014721265823764631, '872': -0.0014235716269764365, '2063': -0.0015888091547835233, '41': -0.0013487922975122238}"
8,Y8,8,"{'281': 0.0, '1783': 0.0, '872': 0.0, '2063': 0.0, '41': 0.0}","{'281': -0.0011968973335260236, '1783': -0.0011726844317229174, '872': -0.0011275344176181164, '2063': -0.0012620466566424908, '41': -0.0010477813137444048}"
8,Y8,9,"{'281': 0.0, '1783': 0.0, '872': 0.0, '2063': 0.0, '41': 0.0}","{'281': -0.00066991489565460666, '1783': -0.00065653500893225216, '872': -0.00062875865083956951, '2063': -0.00070520867187500813, '41': -0.00057679843795279437}"
8,Y8,10,"{'281': 0.0, '1783': 0.0, '872': 0.0, '2063': 0.0, '41': 0.0}","{'281': 0.0, '1783': 0.0, '872': 0.0, '2063': 0.0, '41': 0.0}"
8,Y8,11,"{'281': 0.0, '1783': 0.0, '872': 0.0, '2063': 0.0, '41': 0.0}","{'281': 0.00066991615204936366, '1783': 0.00065653439184244463, '872': 0.00062873117847506534, '2063': 0.00070519933806725615, '41': 0.00057679051895508148}"
8,Y8,12,"{'281': 0.0, '1783': 0.0, '872': 0.0, '2063': 0.0, '41': 0.0}","{'281': 0.0011968499068134113, '1783': 0.0011726451713929107, '872': 0.0011274340570975019, '2063': 0.0012619851634733496, '41': 0.001047754918428193}"
8,Y8,13,"{'281': 0.0, '1783': 0.0, '872': 0.0, '2063': 0.0, '41': 0.0}","{'281': 0.0015029813295912942, '1783': 0.001471928064872702, '872': 0.0014234282699305766, '2063': 0.0015886203934632954, '41': 0.0013486176705108362}"
8,Y8,14,"{'281': 0.0, '1783': 0.0, '872': 0.0, '2063': 0.0, '41': 0.0}","{'281': 0.0015955035426453135, '1783': 0.0015617619678468823, '872': 0.0015203349572170265, '2063': 0.0016910157596710129, '41': 0.0014732507739593005}"
8,Y8,15,"{'281': 0.0, '1783': 0.0, '872': 0.0, '2063': 0.0, '41': 0.0}","{'281': 0.0015389918950617107, '1783': 0.0015055511514147613, '872': 0.0014748987087179898, '2063': 0.0016351474274689224, '41': 0.0014608143347903707}"
8,Y8,16,"{'281': 0.0, '1783': 0.0, '872': 0.0, '2063': 0.0, '41': 0.0}","{'281': 0.0014087502577414309, '1783': 0.0013774041381357555, '872': 0.0013560572913397036, '2063': 0.0014994607319325339, '41': 0.0013674019432027703}"
8,Y8,17,"{'281': 0.0, '1783': 0.0, '872': 0.0, '2063': 0.0, '41': 0.0}","{'281': 0.0012605787654816512, '1783': 0.0012320023287174227, '872': 0.0012167657746946167, '2063': 0.0013430695560340791, '41': 0.0012419488625416634}"
8,Y8,18,"{'281': 0.0, '1783': 0.0, '872': 0.0, '2063': 0.0, '41': 0.0}","{'281': 0.0011231572985328309, '1783': 0.0010972785858260586, '872': 0.0010854807170132764, '2063': 0.001197044480969772, '41': 0.0011153295873141263}"
8,Y8,19,"{'281': 0.0, '1783': 0.0, '872': 0.0, '2063': 0.0, '41': 0.0}","{'281': 0.0010058256157589277, '1783': 0.00098241233250382525, '872': 0.00097244732325264609, '2063': 0.0010719508530218551, '41': 0.0010018498075136419}"
Scan_9
9,X9,1,"{'281': -0.00082460172238385987, '1783': -0.00080438917773116461, '872': -0.00079523849800878512, '2063': -0.00087681755173157482, '41': -0.00081290855090742188}","{'281': 0.0, '1783': 0.0, '872': 0.0, '2063': 0.0, '41': 0.0}"
9,X9,2,"{'281': -0.00090087102205548442, '1783': -0.00087879957281728795, '872': -0.00086866850659371431, '2063': -0.00095782317368621668, '41': -0.00088717450674422862}","{'281': 0.0, '1783': 0.0, '872': 0.0, '2063': 0.0, '41': 0.0}"
9,X9,3,"{'281': -0.0009922544504672396, '1783': -0.0009679975143633173, '872': -0.00095659623815608588, '2063': -0.0010549126875638931, '41': -0.00097566795490440983}","{'281': 0.0, '1783': 0.0, '872': 0.0, '2063': 0.0, '41': 0.0}"
9,X9,4,"{'281': -0.001102173999428181, '1783': -0.0010754557277798012, '872': -0.0010622232788642225, '2063': -0.0011718091391516425, '41': -0.0010811148442947754}","{'281': 0.0, '1783': 0.0, '872': 0.0, '2063': 0.0, '41': 0.0}"
9,X9,5,"{'281': -0.0012328339426242914, '1783': -0.0012035860789620561, '872': -0.0011876821510664567, '2063': -0.0013109837176578831, '41': -0.0012044776947525038}","{'281': 0.0, '1783': 0.0, '872': 0.0, '2063': 0.0, '41': 0.0}"
9,X9,6,"{'281': -0.0013811699777758779, '1783': -0.0013498304920070761, '872': -0.0013298408015538965, '2063': -0.0014694791412659632, '41': -0.0013411957848423143}","{'281': 0.0, '1783': 0.0, '872': 0.0, '2063': 0.0, '41': 0.0}"
9,X9,7,"{'281': -0.0015317509089299386, '1783': -0.0014995146476866675, '872': -0.0014739210072908029, '2063': -0.0016312852596483528, '41': -0.0014747618677735412}","{'281': 0.0, '1783': 0.0, '872': 0.0, '2063': 0.0, '41': 0.0}"
9,X9,8,"{'281': -0.0016493070976883618, '1783': -0.0016183511405545154, '872': -0.0015859876610692055, '2063': -0.0017589749485664656, '41': -0.001571284566913231}","{'281': 0.0, '1783': 0.0, '872': 0.0, '2063': 0.0, '41': 0.0}"
9,X9,9,"{'281': -0.0016763679087250258, '1783': -0.001649303564501364, '872': -0.0016109589562977552, '2063': -0.0017908787523180471, '41': -0.001578804187562483}","{'281': 0.0, '1783': 0.0, '872': 0.0, '2063': 0.0, '41': 0.0}"
9,X9,10,"{'281': -0.0015452383137105701, '1783': -0.0015243739891997632, '872': -0.0014840364667092075, '2063': -0.0016536195550346854, '41': -0.0014394956509093571}","{'281': 0.0, '1783': 0.0, '872': 0.0, '2063': 0.0, '41': 0.0}"
9,X9,11,"{'281': -0.0012069976704578034, '1783': -0.0011933466576306553, '872': -0.0011586562016466199, '2063': -0.0012935363437863799, '41': -0.0011143896098971041}","{'281': 0.0, '1783': 0.0, '872': 0.0, '2063': 0.0, '41': 0.0}"
9,X9,12,"{'281': -0.00066669675614133145, '1783': -0.00066013921391854316, '872': -0.00063979917940063013, '2063': -0.00071520222619929005, '41': -0.00061198323731749711}","{'281': 0.0, '1783': 0.0, '872': 0.0, '2063': 0.0, '41': 0.0}"
9,X9,13,"{'281': 0.0, '1783': 0.0, '872': 0.0, '2063': 0.0, '41': 0.0}","{'281': 0.0, '1783': 0.0, '872': 0.0, '2063': 0.0, '41': 0.0}"
9,X9,14,"{'281': 0.00066666154984618836, '1783': 0.00066010398677008913, '872': 0.00063976106093839547, '2063': 0.00071515874250155842, '41': 0.00061195139216535944}","{'281': 0.0, '1783': 0.0, '872': 0.0, '2063': 0.0, '41': 0.0}"
9,X9,15,"{'281': 0.0012069649430191038, '1783': 0.0011933135803613923, '872': 0.0011586315338441425, '2063': 0.0012935137829535278, '41': 0.0011143599043633406}","{'281': 0.0, '1783': 0.0, '872': 0.0, '2063': 0.0, '41': 0.0}"
9,X9,16,"{'281': 0.0015451990806037044, '1783': 0.0015243008333821991, '872': 0.0014839257390776726, '2063': 0.0016535718325698481, '41': 0.001439481269615329}","{'281': 0.0, '1783': 0.0, '872': 0.0, '2063': 0.0, '41': 0.0}"
9,X9,17,"{'281': 0.0016762348329646929, '1783': 0.0016491307028738528, '872': 0.0016107777708455205, '2063': 0.0017906992373149851, '41': 0.0015786994274233747}","{'281': 0.0, '1783': 0.0, '872': 0.0, '2063': 0.0, '41': 0.0}"
9,X9,18,"{'281': 0.0016490107804004246, '1783': 0.0016180206198038679, '872': 0.0015857360038704306, '2063': 0.0017586596231550689, '41': 0.0015709914638270283}","{'281': 0.0, '1783': 0.0, '872': 0.0, '2063': 0.0, '41': 0.0}"
9,X9,19,"{'281': 0.0015314005288691115, '1783': 0.0014991490145030194, '872': 0.0014736558573593202, '2063': 0.0016309225677756615, '41': 0.0014744159075741044}","{'281': 0.0, '1783': 0.0, '872': 0.0, '2063': 0.0, '41': 0.0}"
9,X9,20,"{'281': 0.0013807986739255607, '1783': 0.0013493913335198174, '872': 0.001329572295554434, '2063': 0.0014691099739655225, '41': 0.0013407946422160739}","{'281': 0.0, '1783': 0.0, '872': 0.0, '2063': 0.0, '41': 0.0}"
9,X9,21,"{'281': 0.0012325582161872761, '1783': 0.0012032693266956715, '872': 0.0011874107992039763, '2063': 0.0013106996505890961, '41': 0.0012041870400857323}","{'281': 0.0, '1783': 0.0, '872': 0.0, '2063': 0.0, '41': 0.0}"
9,X9,22,"{'281': 0.0011019388596858564, '1783': 0.0010751869535295206, '872': 0.0010619679133248715, '2063': 0.0011715385027941262, '41': 0.0010808134220000988}","{'281': 0.0, '1783': 0.0, '872': 0.0, '2063': 0.0, '41': 0.0}"
9,X9,23,"{'281': 0.00099195018772548957, '1783': 0.00096768319232718846, '872': 0.00095631495638952855, '2063': 0.0010546156370587916, '41': 0.00097537522619285677}","{'281': 0.0, '1783': 0.0, '872': 0.0, '2063': 0.0, '41': 0.0}"
9,X9,24,"{'281': 0.00090060980775381742, '1783': 0.00087850414521037389, '872': 0.00086841125234128798, '2063': 0.00095755184221424036, '41': 0.00088689435421171936}","{'281': 0.0, '1783': 0.0, '872': 0.0, '2063': 0.0, '41': 0.0}"
9,X9,25,"{'281': 0.00082432652525488907, '1783': 0.00080409419457372106, '872': 0.00079498658995963954, '2063': 0.00087653051585747494, '41': 0.00081261096572293582}","{'281': 0.0, '1783': 0.0, '872': 0.0, '2063': 0.0, '41': 0.0}"
Scan_10
10,Y10,1,"{'281': 0.0, '1783': 0.0, '872': 0.0, '2063': 0.0, '41': 0.0}","{'281': -0.00075649712426578458, '1783': -0.00073798633114737335, '872': -0.0007306988324867307, '2063': -0.0008051260710922847, '41': -0.00075241884293884701}"
10,Y10,2,"{'281': 0.0, '1783': 0.0, '872': 0.0, '2063': 0.0, '41': 0.0}","{'281': -0.00082396130130152681, '1783': -0.00080382450926486972, '872': -0.00079596427846394095, '2063': -0.00087701448947179086, '41': -0.00082007236169389763}"
10,Y10,3,"{'281': 0.0, '1783': 0.0, '872': 0.0, '2063': 0.0, '41': 0.0}","{'281': -0.0009042525942145295, '1783': -0.00088219123804544929, '872': -0.0008736654424128128, '2063': -0.0009625793818387572, '41': -0.00090048164875370284}"
10,Y10,4,"{'281': 0.0, '1783': 0.0, '872': 0.0, '2063': 0.0, '41': 0.0}","{'281': -0.001000952600431748, '1783': -0.00097663834891569749, '872': -0.00096714807201386918, '2063': -0.0010656639019060738, '41': -0.00099653559930702696}"
10,Y10,5,"{'281': 0.0, '1783': 0.0, '872': 0.0, '2063': 0.0, '41': 0.0}","{'281': -0.0011174210681395183, '1783': -0.001090655330829228, '872': -0.0010796156650512004, '2063': -0.001189943507744008, '41': -0.0011099835419285493}"
10,Y10,6,"{'281': 0.0, '1783': 0.0, '872': 0.0, '2063': 0.0, '41': 0.0}","{'281': -0.0012544865403600425, '1783': -0.0012253370192564358, '872': -0.0012114239541277706, '2063': -0.0013362766884838968, '41': -0.0012381439583792114}"
10,Y10,7,"{'281': 0.0, '1783': 0.0, '872': 0.0, '2063': 0.0, '41': 0.0}","{'281': -0.0014037990268615918, '1783': -0.0013731584983234235, '872': -0.001353806989071719, '2063': -0.0014959578200236599, '41': -0.0013681120192537304}"
10,Y10,8,"{'281': 0.0, '1783': 0.0, '872': 0.0, '2063': 0.0, '41': 0.0}","{'281': -0.0015374235079512078, '1783': -0.0015072205577877733, '872': -0.0014793501692992529, '2063': -0.0016392164537556799, '41': -0.0014692777098563971}"
10,Y10,9,"{'281': 0.0, '1783': 0.0, '872': 0.0, '2063': 0.0, '41': 0.0}","{'281': -0.0015996838635213271, '1783': -0.0015727562684036648, '872': -0.0015346881262255413, '2063': -0.0017066024070579327, '41': -0.0014913920619336002}"
10,Y10,10,"{'281': 0.0, '1783': 0.0, '872': 0.0, '2063': 0.0, '41': 0.0}","{'281': -0.0015130539559832072, '1783': -0.0014921389255434193, '872': -0.0014467447108553306, '2063': -0.0016151592104975874, '41': -0.001374427749238326}"
10,Y10,11,"{'281': 0.0, '1783': 0.0, '872': 0.0, '2063': 0.0, '41': 0.0}","{'281': -0.0012094184560699959, '1783': -0.0011959070854139786, '872': -0.0011529394396388474, '2063': -0.0012916243272173254, '41': -0.0010739868944607185}"
10,Y10,12,"{'281': 0.0, '1783': 0.0, '872': 0.0, '2063': 0.0, '41': 0.0}","{'281': -0.0006785949426712551, '1783': -0.0006722613124237742, '872': -0.00064562180762708259, '2063': -0.00072495965667272342, '41': -0.0005934618194951898}"
10,Y10,13,"{'281': 0.0, '1783': 0.0, '872': 0.0, '2063': 0.0, '41': 0.0}","{'281': 0.0, '1783': 0.0, '872': 0.0, '2063': 0.0, '41': 0.0}"
10,Y10,14,"{'281': 0.0, '1783': 0.0, '872': 0.0, '2063': 0.0, '41': 0.0}","{'281': 0.00067856738758957787, '1783': 0.00067222093058348761, '872': 0.00064559914381904875, '2063': 0.0007249145075545083, '41': 0.00059342901302852219}"
10,Y10,15,"{'281': 0.0, '1783': 0.0, '872': 0.0, '2063': 0.0, '41': 0.0}","{'281': 0.0012092932263561616, '1783': 0.0011958079903521216, '872': 0.0011528327754570706, '2063': 0.0012915129652889968, '41': 0.0010739018966972379}"
10,Y10,16,"{'281': 0.0, '1783': 0.0, '872': 0.0, '2063': 0.0, '41': 0.0}","{'281': 0.0015130027560857312, '1783': 0.0014920792412827296, '872': 0.0014466013791849593, '2063': 0.0016150882024366395, '41': 0.0013744053655570028}"
10,Y10,17,"{'281': 0.0, '1783': 0.0, '872': 0.0, '2063': 0.0, '41': 0.0}","{'281': 0.0015995803888662499, '1783': 0.0015726499077360087, '872': 0.0015344594964177948, '2063': 0.0017065312309440363, '41': 0.0014912917043309944}"
10,Y10,18,"{'281': 0.0, '1783': 0.0, '872': 0.0, '2063': 0.0, '41': 0.0}","{'281': 0.001537210889956616, '1783': 0.0015069746268202343, '872': 0.0014790931235305739, '2063': 0.0016390237064490671, '41': 0.0014690909273570507}"
10,Y10,19,"{'281': 0.0, '1783': 0.0, '872': 0.0, '2063': 0.0, '41': 0.0}","{'281': 0.0014035315601077908, '1783': 0.0013728584036149718, '872': 0.0013535204005647335, '2063': 0.0014956892780168193, '41': 0.0013678245411222574}"
10,Y10,20,"{'281': 0.0, '1783': 0.0, '872': 0.0, '2063': 0.0, '41': 0.0}","{'281': 0.0012542970233677107, '1783': 0.0012251043542581526, '872': 0.0012111575706676479, '2063': 0.0013360481832308531, '41': 0.0012379349170773333}"
10,Y10,21,"{'281': 0.0, '1783': 0.0, '872': 0.0, '2063': 0.0, '41': 0.0}","{'281': 0.0011172107081798906, '1783': 0.0010904187750400772, '872': 0.0010794204280564284, '2063': 0.0011897192959234317, '41': 0.0011097926782404142}"
10,Y10,22,"{'281': 0.0, '1783': 0.0, '872': 0.0, '2063': 0.0, '41': 0.0}","{'281': 0.001000734162894711, '1783': 0.00097639782848693416, '872': 0.00096692370107807294, '2063': 0.0010654362911789886, '41': 0.00099631888763134792}"
10,Y10,23,"{'281': 0.0, '1783': 0.0, '872': 0.0, '2063': 0.0, '41': 0.0}","{'281': 0.00090406207719535272, '1783': 0.00088195161846396403, '872': 0.0008734545738082267, '2063': 0.00096233876772815695, '41': 0.00090023370070656066}"
10,Y10,24,"{'281': 0.0, '1783': 0.0, '872': 0.0, '2063': 0.0, '41': 0.0}","{'281': 0.00082374185082200661, '1783': 0.00080357989256351985, '872': 0.00079575083871692947, '2063': 0.00087680223089429932, '41': 0.00081984482300787368}"
10,Y10,25,"{'281': 0.0, '1783': 0.0, '872': 0.0, '2063': 0.0, '41': 0.0}","{'281': 0.00075633539485061413, '1783': 0.00073780509862715344, '872': 0.00073052959094265662, '2063': 0.00080497496199136772, '41': 0.00075226230269376975}"
